{"credit": "Made with Brickbench", "parent": "item/cards/template", "textures": {"background": "item/card/turtle/background", "foreground": "item/card/turtle/foreground", "description": "item/card/turtle/description", "cost": "item/card/number/left/7", "health": "item/card/number/right/5", "attack": "item/card/number/left/1", "armor": "item/card/number/right/3", "speed": "item/card/number/left/1", "range": "item/card/number/right/1", "rarity": "item/card/front_common", "trait_1": "item/card/water", "trait_2": "item/card/empty", "trait_3": "item/card/empty", "trait_4": "item/card/empty", "trait_5": "item/card/empty", "trait_6": "item/card/empty"}}