{
	"credit": "Made with Blockbench",
	"textures": {
		"particle": "item/card_pack/1"
	},
	"elements": [
		{
			"name": "base",
			"from": [4, 0, 7.4],
			"to": [12, 12, 8.5],
			"rotation": {"angle": 0, "axis": "x", "origin": [10, 8, 17]},
			"faces": {
				"north": {"uv": [0, 0, 8, 12], "texture": "#0"},
				"east": {"uv": [8, 1.25, 9, 13.25], "texture": "#0"},
				"south": {"uv": [0, 0, 8, 12], "texture": "#0"},
				"west": {"uv": [8, 1.25, 9, 13.25], "texture": "#0"},
				"up": {"uv": [0, 12, 8, 13], "rotation": 180, "texture": "#0"},
				"down": {"uv": [0, 12, 8, 13], "rotation": 180, "texture": "#0"}
			}
		},
		{
			"name": "image",
			"from": [4.25, -1.25, 7.95],
			"to": [11.75, 13.25, 7.95],
			"rotation": {"angle": 0, "axis": "y", "origin": [7, 14.4, 17]},
			"faces": {
				"north": {"uv": [8.25, 0, 15.75, 14.5], "texture": "#0"},
				"east": {"uv": [0, 0, 16, 16], "texture": "#missing"},
				"south": {"uv": [8.25, 0, 15.75, 14.5], "texture": "#0"},
				"west": {"uv": [0, 0, 16, 16], "texture": "#missing"},
				"up": {"uv": [0, 0, 16, 16], "texture": "#missing"},
				"down": {"uv": [0, 0, 16, 16], "texture": "#missing"}
			}
		}
	],
	"display": {
		"thirdperson_righthand": {
			"rotation": [0, -180, 0],
			"translation": [0, 3.75, 1],
			"scale": [0.51, 0.51, 0.51]
		},
		"thirdperson_lefthand": {
			"rotation": [0, -180, 0],
			"translation": [0, 3.75, 1],
			"scale": [0.51, 0.51, 0.51]
		},
		"firstperson_righthand": {
			"rotation": [0, -180, 0],
			"translation": [-1.5, 10, 0]
		},
		"firstperson_lefthand": {
			"rotation": [0, -180, 0],
			"translation": [-1.5, 10, 0]
		},
		"gui": {
			"rotation": [0, -180, 0],
			"translation": [0, 3, 0],
			"scale": [1.5, 1.5, 1.5]
		},
		"head": {
			"translation": [0, 20, 0],
			"scale": [4, 4, 4]
		}
	},
	"groups": [
		{
			"name": "card",
			"origin": [3.5, 12.4, 9],
			"children": [0, 1]
		}
	]
}