{
    "textures": {
		"layer0": "item/sugar"
	},
    "overrides": [
{"predicate": {"custom_model_data":1}, "model": "item/trait/ambush"},
{"predicate": {"custom_model_data":2}, "model": "item/trait/emerald"},
{"predicate": {"custom_model_data":3}, "model": "item/trait/fire"},
{"predicate": {"custom_model_data":4}, "model": "item/trait/flying"},
{"predicate": {"custom_model_data":5}, "model": "item/trait/gold"},
{"predicate": {"custom_model_data":6}, "model": "item/trait/teleport"},
{"predicate": {"custom_model_data":7}, "model": "item/trait/undead"},
{"predicate": {"custom_model_data":8}, "model": "item/trait/water"},
{"predicate": {"custom_model_data":9}, "model": "item/trait/wither"}
]
}
