{"credit": "Made with Brickbench", "parent": "item/cards/template", "textures": {"background": "item/card/wither/background", "foreground": "item/card/wither/foreground", "description": "item/card/wither/description", "cost": "item/card/number/left/20", "health": "item/card/number/right/10", "attack": "item/card/number/left/1", "armor": "item/card/number/right/0", "speed": "item/card/number/left/1", "range": "item/card/number/right/3", "rarity": "item/card/front_legendary", "trait_1": "item/card/fire", "trait_2": "item/card/wither", "trait_3": "item/card/undead", "trait_4": "item/card/empty", "trait_5": "item/card/empty", "trait_6": "item/card/empty"}}